time,q1,q2,q3
0.000000,0.010000,0.005000,-0.005000
0.000100,0.009996,0.004999,-0.004996
0.000200,0.009985,0.004995,-0.004985
0.000300,0.009966,0.004989,-0.004966
0.000400,0.009940,0.004980,-0.004940
0.000500,0.009906,0.004969,-0.004906
0.000600,0.009865,0.004955,-0.004865
0.000700,0.009816,0.004939,-0.004817
0.000800,0.009760,0.004920,-0.004761
0.000900,0.009697,0.004899,-0.004698
0.001000,0.009626,0.004876,-0.004628
0.001100,0.009549,0.004850,-0.004550
0.001200,0.009464,0.004822,-0.004466
0.001300,0.009372,0.004791,-0.004375
0.001400,0.009273,0.004758,-0.004277
0.001500,0.009167,0.004723,-0.004172
0.001600,0.009054,0.004686,-0.004061
0.001700,0.008935,0.004646,-0.003943
0.001800,0.008809,0.004605,-0.003819
0.001900,0.008676,0.004561,-0.003689
0.002000,0.008537,0.004515,-0.003553
0.002100,0.008392,0.004467,-0.003411
0.002200,0.008240,0.004417,-0.003264
0.002300,0.008083,0.004365,-0.003111
0.002400,0.007919,0.004312,-0.002953
0.002500,0.007750,0.004256,-0.002789
0.002600,0.007575,0.004199,-0.002621
0.002700,0.007395,0.004140,-0.002448
0.002800,0.007209,0.004079,-0.002270
0.002900,0.007018,0.004017,-0.002088
0.003000,0.006822,0.003953,-0.001902
0.003100,0.006621,0.003887,-0.001712
0.003200,0.006416,0.003821,-0.001518
0.003300,0.006206,0.003752,-0.001321
0.003400,0.005992,0.003683,-0.001121
0.003500,0.005773,0.003612,-0.000918
0.003600,0.005551,0.003540,-0.000712
0.003700,0.005324,0.003467,-0.000503
0.003800,0.005094,0.003393,-0.000293
0.003900,0.004861,0.003318,-0.000080
0.004000,0.004625,0.003242,0.000135
0.004100,0.004385,0.003165,0.000350
0.004200,0.004143,0.003087,0.000568
0.004300,0.003898,0.003009,0.000786
0.004400,0.003651,0.002930,0.001005
0.004500,0.003401,0.002850,0.001224
0.004600,0.003150,0.002770,0.001444
0.004700,0.002896,0.002689,0.001663
0.004800,0.002641,0.002608,0.001882
0.004900,0.002385,0.002526,0.002101
0.005000,0.002128,0.002444,0.002319
0.005100,0.001870,0.002362,0.002535
0.005200,0.001611,0.002280,0.002750
0.005300,0.001352,0.002198,0.002964
0.005400,0.001092,0.002116,0.003176
0.005500,0.000832,0.002033,0.003386
0.005600,0.000573,0.001951,0.003593
0.005700,0.000314,0.001869,0.003798
0.005800,0.000055,0.001787,0.003999
0.005900,-0.000202,0.001706,0.004198
0.006000,-0.000459,0.001624,0.004393
0.006100,-0.000714,0.001543,0.004585
0.006200,-0.000968,0.001463,0.004773
0.006300,-0.001220,0.001382,0.004957
0.006400,-0.001470,0.001303,0.005136
0.006500,-0.001718,0.001224,0.005312
0.006600,-0.001964,0.001145,0.005482
0.006700,-0.002207,0.001067,0.005647
0.006800,-0.002447,0.000990,0.005808
0.006900,-0.002685,0.000913,0.005963
0.007000,-0.002919,0.000837,0.006112
0.007100,-0.003150,0.000762,0.006256
0.007200,-0.003377,0.000688,0.006394
0.007300,-0.003601,0.000614,0.006526
0.007400,-0.003821,0.000541,0.006651
0.007500,-0.004036,0.000470,0.006770
0.007600,-0.004248,0.000399,0.006883
0.007700,-0.004455,0.000329,0.006989
0.007800,-0.004657,0.000260,0.007088
0.007900,-0.004854,0.000192,0.007180
0.008000,-0.005047,0.000125,0.007265
0.008100,-0.005234,0.000059,0.007343
0.008200,-0.005416,-0.000007,0.007413
0.008300,-0.005593,-0.000071,0.007476
0.008400,-0.005764,-0.000134,0.007532
0.008500,-0.005930,-0.000196,0.007579
0.008600,-0.006089,-0.000257,0.007619
0.008700,-0.006243,-0.000317,0.007652
0.008800,-0.006390,-0.000376,0.007676
0.008900,-0.006531,-0.000434,0.007693
0.009000,-0.006666,-0.000491,0.007702
0.009100,-0.006795,-0.000547,0.007702
0.009200,-0.006917,-0.000602,0.007695
0.009300,-0.007032,-0.000656,0.007680
0.009400,-0.007141,-0.000709,0.007657
0.009500,-0.007242,-0.000761,0.007625
0.009600,-0.007337,-0.000812,0.007586
0.009700,-0.007425,-0.000862,0.007538
0.009800,-0.007506,-0.000911,0.007483
0.009900,-0.007580,-0.000959,0.007420
0.010000,-0.007647,-0.001007,0.007348
0.010100,-0.007706,-0.001053,0.007269
0.010200,-0.007759,-0.001099,0.007182
0.010300,-0.007804,-0.001144,0.007088
0.010400,-0.007842,-0.001188,0.006985
0.010500,-0.007872,-0.001231,0.006875
0.010600,-0.007896,-0.001274,0.006758
0.010700,-0.007912,-0.001316,0.006633
0.010800,-0.007920,-0.001357,0.006501
0.010900,-0.007922,-0.001397,0.006361
0.011000,-0.007916,-0.001437,0.006215
0.011100,-0.007903,-0.001477,0.006061
0.011200,-0.007883,-0.001515,0.005901
0.011300,-0.007856,-0.001554,0.005734
0.011400,-0.007821,-0.001592,0.005560
0.011500,-0.007780,-0.001629,0.005381
0.011600,-0.007732,-0.001666,0.005194
0.011700,-0.007676,-0.001702,0.005002
0.011800,-0.007614,-0.001738,0.004804
0.011900,-0.007545,-0.001774,0.004601
0.012000,-0.007469,-0.001810,0.004391
0.012100,-0.007387,-0.001845,0.004177
0.012200,-0.007299,-0.001880,0.003957
0.012300,-0.007204,-0.001915,0.003733
0.012400,-0.007102,-0.001949,0.003504
0.012500,-0.006995,-0.001984,0.003270
0.012600,-0.006881,-0.002018,0.003032
0.012700,-0.006762,-0.002052,0.002790
0.012800,-0.006637,-0.002086,0.002544
0.012900,-0.006506,-0.002120,0.002294
0.013000,-0.006370,-0.002155,0.002042
0.013100,-0.006228,-0.002189,0.001786
0.013200,-0.006082,-0.002223,0.001527
0.013300,-0.005930,-0.002257,0.001265
0.013400,-0.005773,-0.002291,0.001001
0.013500,-0.005612,-0.002326,0.000735
0.013600,-0.005447,-0.002360,0.000467
0.013700,-0.005277,-0.002395,0.000198
0.013800,-0.005103,-0.002429,-0.000073
0.013900,-0.004925,-0.002464,-0.000345
0.014000,-0.004744,-0.002499,-0.000619
0.014100,-0.004559,-0.002535,-0.000892
0.014200,-0.004370,-0.002570,-0.001166
0.014300,-0.004179,-0.002606,-0.001440
0.014400,-0.003984,-0.002642,-0.001714
0.014500,-0.003787,-0.002678,-0.001988
0.014600,-0.003588,-0.002714,-0.002261
0.014700,-0.003386,-0.002751,-0.002533
0.014800,-0.003183,-0.002787,-0.002804
0.014900,-0.002977,-0.002824,-0.003074
0.015000,-0.002770,-0.002861,-0.003341
0.015100,-0.002562,-0.002899,-0.003607
0.015200,-0.002352,-0.002936,-0.003871
0.015300,-0.002142,-0.002974,-0.004132
0.015400,-0.001931,-0.003012,-0.004391
0.015500,-0.001719,-0.003050,-0.004647
0.015600,-0.001507,-0.003088,-0.004900
0.015700,-0.001296,-0.003126,-0.005149
0.015800,-0.001084,-0.003164,-0.005395
0.015900,-0.000874,-0.003203,-0.005637
0.016000,-0.000663,-0.003241,-0.005874
0.016100,-0.000454,-0.003280,-0.006108
0.016200,-0.000246,-0.003318,-0.006337
0.016300,-0.000040,-0.003357,-0.006561
0.016400,0.000165,-0.003395,-0.006781
0.016500,0.000368,-0.003433,-0.006995
0.016600,0.000569,-0.003471,-0.007204
0.016700,0.000768,-0.003509,-0.007408
0.016800,0.000964,-0.003547,-0.007606
0.016900,0.001158,-0.003585,-0.007798
0.017000,0.001348,-0.003622,-0.007984
0.017100,0.001535,-0.003659,-0.008164
0.017200,0.001719,-0.003696,-0.008338
0.017300,0.001900,-0.003732,-0.008505
0.017400,0.002076,-0.003768,-0.008665
0.017500,0.002249,-0.003804,-0.008819
0.017600,0.002417,-0.003839,-0.008965
0.017700,0.002581,-0.003873,-0.009105
0.017800,0.002741,-0.003907,-0.009237
0.017900,0.002896,-0.003940,-0.009362
0.018000,0.003046,-0.003972,-0.009480
0.018100,0.003190,-0.004004,-0.009590
0.018200,0.003330,-0.004034,-0.009693
0.018300,0.003464,-0.004064,-0.009788
0.018400,0.003593,-0.004093,-0.009875
0.018500,0.003716,-0.004121,-0.009954
0.018600,0.003834,-0.004148,-0.010025
0.018700,0.003945,-0.004174,-0.010088
0.018800,0.004051,-0.004199,-0.010144
0.018900,0.004150,-0.004223,-0.010191
0.019000,0.004243,-0.004246,-0.010230
0.019100,0.004329,-0.004267,-0.010261
0.019200,0.004409,-0.004287,-0.010284
0.019300,0.004483,-0.004306,-0.010299
0.019400,0.004550,-0.004323,-0.010305
0.019500,0.004610,-0.004339,-0.010303
0.019600,0.004663,-0.004353,-0.010294
0.019700,0.004710,-0.004366,-0.010276
0.019800,0.004749,-0.004377,-0.010250
0.019900,0.004782,-0.004386,-0.010215
0.020000,0.004807,-0.004394,-0.010173
0.020100,0.004826,-0.004400,-0.010123
0.020200,0.004838,-0.004405,-0.010065
0.020300,0.004842,-0.004407,-0.009999
0.020400,0.004839,-0.004408,-0.009925
0.020500,0.004830,-0.004407,-0.009843
0.020600,0.004813,-0.004404,-0.009754
0.020700,0.004789,-0.004399,-0.009657
0.020800,0.004758,-0.004392,-0.009553
0.020900,0.004721,-0.004383,-0.009441
0.021000,0.004676,-0.004372,-0.009322
0.021100,0.004625,-0.004359,-0.009196
0.021200,0.004566,-0.004344,-0.009063
0.021300,0.004501,-0.004326,-0.008923
0.021400,0.004429,-0.004307,-0.008776
0.021500,0.004351,-0.004286,-0.008623
0.021600,0.004266,-0.004262,-0.008463
0.021700,0.004174,-0.004236,-0.008296
0.021800,0.004077,-0.004208,-0.008124
0.021900,0.003973,-0.004178,-0.007945
0.022000,0.003863,-0.004146,-0.007761
0.022100,0.003747,-0.004111,-0.007571
0.022200,0.003625,-0.004074,-0.007375
0.022300,0.003498,-0.004035,-0.007174
0.022400,0.003365,-0.003994,-0.006968
0.022500,0.003227,-0.003951,-0.006757
0.022600,0.003083,-0.003905,-0.006541
0.022700,0.002935,-0.003857,-0.006320
0.022800,0.002781,-0.003808,-0.006095
0.022900,0.002623,-0.003755,-0.005866
0.023000,0.002461,-0.003701,-0.005633
0.023100,0.002294,-0.003645,-0.005396
0.023200,0.002122,-0.003586,-0.005155
0.023300,0.001947,-0.003526,-0.004911
0.023400,0.001769,-0.003463,-0.004664
0.023500,0.001586,-0.003399,-0.004414
0.023600,0.001401,-0.003332,-0.004161
0.023700,0.001212,-0.003264,-0.003906
0.023800,0.001021,-0.003193,-0.003648
0.023900,0.000827,-0.003121,-0.003389
0.024000,0.000630,-0.003047,-0.003127
0.024100,0.000431,-0.002971,-0.002864
0.024200,0.000231,-0.002893,-0.002600
0.024300,0.000029,-0.002813,-0.002334
0.024400,-0.000175,-0.002732,-0.002068
0.024500,-0.000380,-0.002649,-0.001801
0.024600,-0.000586,-0.002565,-0.001533
0.024700,-0.000792,-0.002479,-0.001265
0.024800,-0.000999,-0.002392,-0.000997
0.024900,-0.001207,-0.002303,-0.000729
0.025000,-0.001414,-0.002213,-0.000462
0.025100,-0.001621,-0.002122,-0.000195
0.025200,-0.001827,-0.002029,0.000071
0.025300,-0.002032,-0.001936,0.000335
0.025400,-0.002237,-0.001841,0.000599
0.025500,-0.002440,-0.001745,0.000861
0.025600,-0.002641,-0.001648,0.001121
0.025700,-0.002841,-0.001551,0.001379
0.025800,-0.003039,-0.001452,0.001635
0.025900,-0.003234,-0.001353,0.001889
0.026000,-0.003427,-0.001253,0.002140
0.026100,-0.003617,-0.001153,0.002388
0.026200,-0.003803,-0.001052,0.002634
0.026300,-0.003987,-0.000950,0.002876
0.026400,-0.004167,-0.000848,0.003115
0.026500,-0.004343,-0.000746,0.003350
0.026600,-0.004516,-0.000644,0.003582
0.026700,-0.004684,-0.000541,0.003809
0.026800,-0.004847,-0.000438,0.004033
0.026900,-0.005006,-0.000335,0.004252
0.027000,-0.005161,-0.000233,0.004467
0.027100,-0.005310,-0.000130,0.004677
0.027200,-0.005454,-0.000028,0.004883
0.027300,-0.005592,0.000075,0.005083
0.027400,-0.005725,0.000177,0.005279
0.027500,-0.005852,0.000278,0.005469
0.027600,-0.005973,0.000379,0.005654
0.027700,-0.006087,0.000479,0.005834
0.027800,-0.006196,0.000579,0.006008
0.027900,-0.006298,0.000678,0.006176
0.028000,-0.006393,0.000777,0.006338
0.028100,-0.006482,0.000875,0.006494
0.028200,-0.006563,0.000971,0.006645
0.028300,-0.006637,0.001067,0.006789
0.028400,-0.006705,0.001162,0.006927
0.028500,-0.006765,0.001256,0.007058
0.028600,-0.006817,0.001348,0.007183
0.028700,-0.006862,0.001440,0.007301
0.028800,-0.006900,0.001530,0.007413
0.028900,-0.006929,0.001619,0.007519
0.029000,-0.006951,0.001707,0.007617
0.029100,-0.006965,0.001793,0.007709
0.029200,-0.006972,0.001878,0.007794
0.029300,-0.006970,0.001961,0.007872
0.029400,-0.006960,0.002043,0.007943
0.029500,-0.006943,0.002123,0.008007
0.029600,-0.006917,0.002202,0.008064
0.029700,-0.006883,0.002279,0.008114
0.029800,-0.006841,0.002355,0.008157
0.029900,-0.006792,0.002428,0.008194
0.030000,-0.006734,0.002500,0.008223
0.030100,-0.006668,0.002571,0.008245
0.030200,-0.006594,0.002639,0.008260
0.030300,-0.006512,0.002706,0.008268
0.030400,-0.006423,0.002770,0.008270
0.030500,-0.006325,0.002833,0.008264
0.030600,-0.006220,0.002894,0.008252
0.030700,-0.006107,0.002954,0.008232
0.030800,-0.005986,0.003011,0.008206
0.030900,-0.005858,0.003066,0.008174
0.031000,-0.005723,0.003120,0.008134
0.031100,-0.005580,0.003171,0.008088
0.031200,-0.005430,0.003221,0.008036
0.031300,-0.005273,0.003269,0.007977
0.031400,-0.005109,0.003314,0.007911
0.031500,-0.004938,0.003358,0.007840
0.031600,-0.004761,0.003400,0.007762
0.031700,-0.004577,0.003440,0.007678
0.031800,-0.004387,0.003478,0.007588
0.031900,-0.004191,0.003515,0.007492
0.032000,-0.003988,0.003549,0.007391
0.032100,-0.003780,0.003582,0.007284
0.032200,-0.003567,0.003612,0.007171
0.032300,-0.003348,0.003641,0.007053
0.032400,-0.003123,0.003668,0.006930
0.032500,-0.002894,0.003694,0.006802
0.032600,-0.002660,0.003717,0.006668
0.032700,-0.002422,0.003739,0.006530
0.032800,-0.002179,0.003759,0.006387
0.032900,-0.001932,0.003778,0.006240
0.033000,-0.001682,0.003795,0.006088
0.033100,-0.001427,0.003810,0.005932
0.033200,-0.001170,0.003824,0.005772
0.033300,-0.000909,0.003836,0.005609
0.033400,-0.000645,0.003847,0.005441
0.033500,-0.000379,0.003856,0.005270
0.033600,-0.000111,0.003864,0.005096
0.033700,0.000160,0.003870,0.004918
0.033800,0.000432,0.003875,0.004738
0.033900,0.000706,0.003879,0.004554
0.034000,0.000981,0.003882,0.004368
0.034100,0.001257,0.003883,0.004180
0.034200,0.001533,0.003883,0.003989
0.034300,0.001810,0.003882,0.003796
0.034400,0.002088,0.003880,0.003602
0.034500,0.002365,0.003877,0.003405
0.034600,0.002641,0.003873,0.003208
0.034700,0.002917,0.003868,0.003009
0.034800,0.003192,0.003862,0.002809
0.034900,0.003466,0.003856,0.002608
0.035000,0.003738,0.003848,0.002406
0.035100,0.004008,0.003840,0.002204
0.035200,0.004276,0.003831,0.002002
0.035300,0.004542,0.003821,0.001799
0.035400,0.004805,0.003810,0.001597
0.035500,0.005066,0.003799,0.001395
0.035600,0.005323,0.003788,0.001193
0.035700,0.005577,0.003776,0.000992
0.035800,0.005826,0.003763,0.000792
0.035900,0.006073,0.003750,0.000593
0.036000,0.006314,0.003736,0.000396
0.036100,0.006552,0.003722,0.000200
0.036200,0.006784,0.003708,0.000005
0.036300,0.007012,0.003694,-0.000187
0.036400,0.007235,0.003679,-0.000378
0.036500,0.007452,0.003664,-0.000566
0.036600,0.007663,0.003648,-0.000752
0.036700,0.007869,0.003633,-0.000936
0.036800,0.008068,0.003617,-0.001116
0.036900,0.008262,0.003601,-0.001294
0.037000,0.008448,0.003585,-0.001468
0.037100,0.008629,0.003569,-0.001640
0.037200,0.008802,0.003553,-0.001807
0.037300,0.008968,0.003537,-0.001972
0.037400,0.009127,0.003521,-0.002132
0.037500,0.009279,0.003505,-0.002289
0.037600,0.009423,0.003488,-0.002441
0.037700,0.009559,0.003472,-0.002590
0.037800,0.009688,0.003456,-0.002734
0.037900,0.009808,0.003440,-0.002873
0.038000,0.009920,0.003424,-0.003008
0.038100,0.010025,0.003407,-0.003138
0.038200,0.010120,0.003391,-0.003264
0.038300,0.010208,0.003375,-0.003384
0.038400,0.010287,0.003359,-0.003499
0.038500,0.010357,0.003343,-0.003609
0.038600,0.010418,0.003327,-0.003714
0.038700,0.010471,0.003311,-0.003813
0.038800,0.010515,0.003295,-0.003907
0.038900,0.010550,0.003279,-0.003996
0.039000,0.010576,0.003264,-0.004078
0.039100,0.010593,0.003248,-0.004155
0.039200,0.010601,0.003232,-0.004226
0.039300,0.010600,0.003216,-0.004292
0.039400,0.010590,0.003200,-0.004351
0.039500,0.010571,0.003183,-0.004405
0.039600,0.010543,0.003167,-0.004452
0.039700,0.010506,0.003151,-0.004493
0.039800,0.010461,0.003134,-0.004529
0.039900,0.010406,0.003118,-0.004558
0.040000,0.010342,0.003101,-0.004581
0.040100,0.010269,0.003084,-0.004598
0.040200,0.010188,0.003066,-0.004608
0.040300,0.010098,0.003049,-0.004613
0.040400,0.010000,0.003031,-0.004611
0.040500,0.009893,0.003013,-0.004603
0.040600,0.009777,0.002994,-0.004590
0.040700,0.009653,0.002975,-0.004570
0.040800,0.009521,0.002955,-0.004543
0.040900,0.009381,0.002935,-0.004511
0.041000,0.009233,0.002915,-0.004473
0.041100,0.009078,0.002894,-0.004429
0.041200,0.008914,0.002873,-0.004379
0.041300,0.008743,0.002850,-0.004324
0.041400,0.008565,0.002828,-0.004262
0.041500,0.008380,0.002804,-0.004195
0.041600,0.008187,0.002780,-0.004122
0.041700,0.007988,0.002755,-0.004044
0.041800,0.007782,0.002729,-0.003960
0.041900,0.007570,0.002703,-0.003871
0.042000,0.007351,0.002675,-0.003776
0.042100,0.007127,0.002647,-0.003677
0.042200,0.006896,0.002618,-0.003572
0.042300,0.006660,0.002588,-0.003463
0.042400,0.006419,0.002556,-0.003349
0.042500,0.006172,0.002524,-0.003230
0.042600,0.005921,0.002491,-0.003106
0.042700,0.005665,0.002457,-0.002979
0.042800,0.005404,0.002421,-0.002847
0.042900,0.005139,0.002385,-0.002711
0.043000,0.004871,0.002347,-0.002571
0.043100,0.004598,0.002308,-0.002427
0.043200,0.004322,0.002268,-0.002280
0.043300,0.004043,0.002226,-0.002129
0.043400,0.003761,0.002184,-0.001975
0.043500,0.003476,0.002140,-0.001818
0.043600,0.003189,0.002094,-0.001659
0.043700,0.002900,0.002048,-0.001496
0.043800,0.002609,0.002000,-0.001331
0.043900,0.002316,0.001950,-0.001163
0.044000,0.002022,0.001899,-0.000994
0.044100,0.001726,0.001847,-0.000822
0.044200,0.001430,0.001794,-0.000649
0.044300,0.001134,0.001739,-0.000474
0.044400,0.000837,0.001682,-0.000298
0.044500,0.000540,0.001625,-0.000120
0.044600,0.000244,0.001565,0.000058
0.044700,-0.000052,0.001505,0.000237
0.044800,-0.000348,0.001443,0.000417
0.044900,-0.000642,0.001379,0.000596
0.045000,-0.000935,0.001315,0.000776
0.045100,-0.001226,0.001248,0.000956
0.045200,-0.001515,0.001181,0.001136
0.045300,-0.001802,0.001112,0.001315
0.045400,-0.002087,0.001041,0.001493
0.045500,-0.002369,0.000970,0.001670
0.045600,-0.002649,0.000897,0.001846
0.045700,-0.002925,0.000822,0.002021
0.045800,-0.003198,0.000747,0.002194
0.045900,-0.003467,0.000670,0.002365
0.046000,-0.003733,0.000592,0.002534
0.046100,-0.003994,0.000512,0.002701
0.046200,-0.004252,0.000432,0.002865
0.046300,-0.004504,0.000350,0.003027
0.046400,-0.004752,0.000268,0.003186
0.046500,-0.004996,0.000184,0.003342
0.046600,-0.005234,0.000099,0.003494
0.046700,-0.005466,0.000013,0.003644
0.046800,-0.005694,-0.000073,0.003789
0.046900,-0.005915,-0.000161,0.003931
0.047000,-0.006131,-0.000249,0.004068
0.047100,-0.006341,-0.000338,0.004202
0.047200,-0.006544,-0.000428,0.004331
0.047300,-0.006741,-0.000519,0.004455
0.047400,-0.006932,-0.000610,0.004575
0.047500,-0.007116,-0.000702,0.004690
0.047600,-0.007293,-0.000794,0.004800
0.047700,-0.007464,-0.000886,0.004904
0.047800,-0.007627,-0.000980,0.005004
0.047900,-0.007783,-0.001073,0.005097
0.048000,-0.007932,-0.001167,0.005185
0.048100,-0.008074,-0.001261,0.005268
0.048200,-0.008208,-0.001355,0.005344
0.048300,-0.008334,-0.001449,0.005414
0.048400,-0.008453,-0.001543,0.005479
0.048500,-0.008564,-0.001637,0.005537
0.048600,-0.008667,-0.001731,0.005588
0.048700,-0.008763,-0.001825,0.005633
0.048800,-0.008851,-0.001918,0.005672
0.048900,-0.008930,-0.002012,0.005704
0.049000,-0.009002,-0.002104,0.005729
0.049100,-0.009066,-0.002197,0.005747
0.049200,-0.009122,-0.002288,0.005758
0.049300,-0.009170,-0.002380,0.005763
0.049400,-0.009210,-0.002470,0.005761
0.049500,-0.009241,-0.002560,0.005751
0.049600,-0.009265,-0.002649,0.005735
0.049700,-0.009281,-0.002737,0.005711
0.049800,-0.009289,-0.002824,0.005680
0.049900,-0.009289,-0.002910,0.005643
0.050000,-0.009282,-0.002995,0.005598
0.050100,-0.009266,-0.003079,0.005546
0.050200,-0.009243,-0.003161,0.005487
0.050300,-0.009212,-0.003243,0.005420
0.050400,-0.009173,-0.003323,0.005347
0.050500,-0.009127,-0.003401,0.005267
0.050600,-0.009073,-0.003478,0.005179
0.050700,-0.009012,-0.003554,0.005085
0.050800,-0.008944,-0.003628,0.004984
0.050900,-0.008869,-0.003700,0.004876
0.051000,-0.008786,-0.003771,0.004761
0.051100,-0.008697,-0.003839,0.004640
0.051200,-0.008601,-0.003906,0.004512
0.051300,-0.008498,-0.003972,0.004378
0.051400,-0.008388,-0.004035,0.004237
0.051500,-0.008273,-0.004096,0.004090
0.051600,-0.008151,-0.004155,0.003937
0.051700,-0.008023,-0.004212,0.003777
0.051800,-0.007889,-0.004268,0.003612
0.051900,-0.007749,-0.004320,0.003441
0.052000,-0.007604,-0.004371,0.003265
0.052100,-0.007453,-0.004420,0.003083
0.052200,-0.007297,-0.004466,0.002896
0.052300,-0.007136,-0.004510,0.002703
0.052400,-0.006970,-0.004552,0.002506
0.052500,-0.006799,-0.004591,0.002303
0.052600,-0.006624,-0.004628,0.002097
0.052700,-0.006444,-0.004663,0.001885
0.052800,-0.006260,-0.004696,0.001670
0.052900,-0.006073,-0.004725,0.001450
0.053000,-0.005881,-0.004753,0.001227
0.053100,-0.005686,-0.004778,0.001000
0.053200,-0.005488,-0.004801,0.000770
0.053300,-0.005287,-0.004821,0.000536
0.053400,-0.005083,-0.004838,0.000300
0.053500,-0.004876,-0.004854,0.000060
0.053600,-0.004667,-0.004867,-0.000181
0.053700,-0.004455,-0.004877,-0.000425
0.053800,-0.004242,-0.004885,-0.000671
0.053900,-0.004026,-0.004890,-0.000919
0.054000,-0.003809,-0.004893,-0.001168
0.054100,-0.003591,-0.004894,-0.001419
0.054200,-0.003372,-0.004892,-0.001670
0.054300,-0.003151,-0.004888,-0.001923
0.054400,-0.002930,-0.004882,-0.002176
0.054500,-0.002709,-0.004873,-0.002429
0.054600,-0.002487,-0.004862,-0.002682
0.054700,-0.002265,-0.004848,-0.002935
0.054800,-0.002043,-0.004833,-0.003187
0.054900,-0.001822,-0.004815,-0.003439
0.055000,-0.001601,-0.004795,-0.003690
0.055100,-0.001381,-0.004772,-0.003939
0.055200,-0.001162,-0.004748,-0.004187
0.055300,-0.000944,-0.004721,-0.004433
0.055400,-0.000728,-0.004693,-0.004677
0.055500,-0.000513,-0.004663,-0.004918
0.055600,-0.000300,-0.004630,-0.005157
0.055700,-0.000089,-0.004596,-0.005393
0.055800,0.000119,-0.004560,-0.005626
0.055900,0.000326,-0.004522,-0.005856
0.056000,0.000529,-0.004482,-0.006082
0.056100,0.000730,-0.004440,-0.006304
0.056200,0.000928,-0.004397,-0.006522
0.056300,0.001123,-0.004352,-0.006736
0.056400,0.001314,-0.004306,-0.006945
0.056500,0.001502,-0.004258,-0.007149
0.056600,0.001687,-0.004209,-0.007348
0.056700,0.001867,-0.004158,-0.007542
0.056800,0.002044,-0.004107,-0.007731
0.056900,0.002216,-0.004053,-0.007914
0.057000,0.002385,-0.003999,-0.008091
0.057100,0.002548,-0.003943,-0.008262
0.057200,0.002708,-0.003887,-0.008426
0.057300,0.002862,-0.003829,-0.008584
0.057400,0.003012,-0.003770,-0.008736
0.057500,0.003157,-0.003711,-0.008880
0.057600,0.003297,-0.003650,-0.009018
0.057700,0.003432,-0.003589,-0.009148
0.057800,0.003561,-0.003527,-0.009271
0.057900,0.003685,-0.003465,-0.009386
0.058000,0.003804,-0.003401,-0.009494
0.058100,0.003917,-0.003338,-0.009594
0.058200,0.004025,-0.003273,-0.009686
0.058300,0.004127,-0.003209,-0.009769
0.058400,0.004223,-0.003143,-0.009845
0.058500,0.004314,-0.003078,-0.009912
0.058600,0.004398,-0.003012,-0.009971
0.058700,0.004477,-0.002946,-0.010022
0.058800,0.004549,-0.002880,-0.010064
0.058900,0.004616,-0.002814,-0.010097
0.059000,0.004677,-0.002748,-0.010121
0.059100,0.004731,-0.002681,-0.010137
0.059200,0.004780,-0.002615,-0.010144
0.059300,0.004822,-0.002549,-0.010142
0.059400,0.004858,-0.002482,-0.010131
0.059500,0.004888,-0.002416,-0.010111
0.059600,0.004912,-0.002351,-0.010083
0.059700,0.004930,-0.002285,-0.010045
0.059800,0.004942,-0.002220,-0.009999
0.059900,0.004948,-0.002155,-0.009943
0.060000,0.004947,-0.002090,-0.009879
0.060100,0.004941,-0.002026,-0.009806
0.060200,0.004929,-0.001962,-0.009724
0.060300,0.004910,-0.001899,-0.009633
0.060400,0.004886,-0.001836,-0.009533
0.060500,0.004856,-0.001773,-0.009425
0.060600,0.004821,-0.001711,-0.009308
0.060700,0.004779,-0.001650,-0.009183
0.060800,0.004732,-0.001589,-0.009050
0.060900,0.004680,-0.001529,-0.008908
0.061000,0.004622,-0.001469,-0.008758
0.061100,0.004558,-0.001410,-0.008600
0.061200,0.004490,-0.001351,-0.008434
0.061300,0.004416,-0.001293,-0.008260
0.061400,0.004337,-0.001236,-0.008079
0.061500,0.004253,-0.001180,-0.007890
0.061600,0.004164,-0.001124,-0.007694
0.061700,0.004071,-0.001068,-0.007490
0.061800,0.003973,-0.001014,-0.007280
0.061900,0.003870,-0.000960,-0.007063
0.062000,0.003763,-0.000906,-0.006839
0.062100,0.003652,-0.000853,-0.006609
0.062200,0.003537,-0.000801,-0.006373
0.062300,0.003418,-0.000750,-0.006130
0.062400,0.003295,-0.000699,-0.005882
0.062500,0.003168,-0.000648,-0.005629
0.062600,0.003038,-0.000599,-0.005370
0.062700,0.002904,-0.000550,-0.005106
0.062800,0.002767,-0.000501,-0.004837
0.062900,0.002628,-0.000453,-0.004563
0.063000,0.002485,-0.000405,-0.004285
0.063100,0.002340,-0.000358,-0.004003
0.063200,0.002192,-0.000312,-0.003718
0.063300,0.002042,-0.000266,-0.003428
0.063400,0.001889,-0.000220,-0.003136
0.063500,0.001735,-0.000175,-0.002840
0.063600,0.001579,-0.000130,-0.002542
0.063700,0.001421,-0.000085,-0.002241
0.063800,0.001262,-0.000041,-0.001938
0.063900,0.001101,0.000003,-0.001633
0.064000,0.000939,0.000047,-0.001326
0.064100,0.000777,0.000090,-0.001018
0.064200,0.000613,0.000134,-0.000709
0.064300,0.000450,0.000177,-0.000399
0.064400,0.000285,0.000219,-0.000088
0.064500,0.000121,0.000262,0.000222
0.064600,-0.000044,0.000305,0.000533
0.064700,-0.000208,0.000348,0.000843
0.064800,-0.000372,0.000390,0.001152
0.064900,-0.000535,0.000433,0.001461
0.065000,-0.000697,0.000475,0.001768
0.065100,-0.000859,0.000518,0.002074
0.065200,-0.001020,0.000561,0.002377
0.065300,-0.001179,0.000604,0.002679
0.065400,-0.001336,0.000647,0.002979
0.065500,-0.001492,0.000690,0.003275
0.065600,-0.001647,0.000733,0.003569
0.065700,-0.001799,0.000777,0.003860
0.065800,-0.001949,0.000821,0.004147
0.065900,-0.002096,0.000865,0.004430
0.066000,-0.002241,0.000910,0.004709
0.066100,-0.002384,0.000954,0.004984
0.066200,-0.002523,0.000999,0.005255
0.066300,-0.002660,0.001045,0.005521
0.066400,-0.002793,0.001091,0.005781
0.066500,-0.002923,0.001137,0.006037
0.066600,-0.003049,0.001184,0.006287
0.066700,-0.003172,0.001231,0.006531
0.066800,-0.003291,0.001279,0.006770
0.066900,-0.003406,0.001327,0.007002
0.067000,-0.003517,0.001375,0.007228
0.067100,-0.003624,0.001424,0.007447
0.067200,-0.003726,0.001474,0.007660
0.067300,-0.003824,0.001524,0.007865
0.067400,-0.003917,0.001574,0.008064
0.067500,-0.004006,0.001625,0.008255
0.067600,-0.004090,0.001677,0.008439
0.067700,-0.004168,0.001729,0.008615
0.067800,-0.004242,0.001781,0.008783
0.067900,-0.004311,0.001834,0.008944
0.068000,-0.004374,0.001888,0.009096
0.068100,-0.004432,0.001942,0.009240
0.068200,-0.004485,0.001996,0.009376
0.068300,-0.004532,0.002051,0.009504
0.068400,-0.004573,0.002106,0.009623
0.068500,-0.004609,0.002162,0.009733
0.068600,-0.004639,0.002218,0.009835
0.068700,-0.004664,0.002275,0.009928
0.068800,-0.004682,0.002332,0.010012
0.068900,-0.004695,0.002389,0.010087
0.069000,-0.004702,0.002446,0.010153
0.069100,-0.004703,0.002504,0.010211
0.069200,-0.004698,0.002562,0.010259
0.069300,-0.004687,0.002620,0.010299
0.069400,-0.004670,0.002679,0.010329
0.069500,-0.004647,0.002738,0.010351
0.069600,-0.004617,0.002796,0.010363
0.069700,-0.004582,0.002855,0.010366
0.069800,-0.004541,0.002914,0.010361
0.069900,-0.004494,0.002973,0.010346
0.070000,-0.004441,0.003031,0.010323
0.070100,-0.004381,0.003090,0.010291
0.070200,-0.004316,0.003149,0.010250
0.070300,-0.004245,0.003207,0.010200
0.070400,-0.004168,0.003265,0.010142
0.070500,-0.004086,0.003323,0.010075
0.070600,-0.003997,0.003381,0.010000
0.070700,-0.003903,0.003438,0.009916
0.070800,-0.003803,0.003494,0.009824
0.070900,-0.003698,0.003551,0.009724
0.071000,-0.003587,0.003606,0.009616
0.071100,-0.003471,0.003661,0.009501
0.071200,-0.003349,0.003716,0.009377
0.071300,-0.003222,0.003770,0.009246
0.071400,-0.003090,0.003823,0.009108
0.071500,-0.002953,0.003875,0.008962
0.071600,-0.002811,0.003926,0.008810
0.071700,-0.002665,0.003976,0.008650
0.071800,-0.002513,0.004026,0.008484
0.071900,-0.002357,0.004074,0.008311
0.072000,-0.002197,0.004121,0.008132
0.072100,-0.002033,0.004167,0.007947
0.072200,-0.001864,0.004212,0.007756
0.072300,-0.001691,0.004256,0.007560
0.072400,-0.001515,0.004298,0.007358
0.072500,-0.001335,0.004339,0.007150
0.072600,-0.001151,0.004378,0.006938
0.072700,-0.000964,0.004416,0.006721
0.072800,-0.000774,0.004453,0.006500
0.072900,-0.000580,0.004488,0.006274
0.073000,-0.000384,0.004521,0.006044
0.073100,-0.000186,0.004552,0.005810
0.073200,0.000015,0.004582,0.005573
0.073300,0.000219,0.004610,0.005333
0.073400,0.000424,0.004636,0.005089
0.073500,0.000632,0.004660,0.004843
0.073600,0.000841,0.004683,0.004594
0.073700,0.001052,0.004703,0.004343
0.073800,0.001264,0.004721,0.004090
0.073900,0.001477,0.004738,0.003835
0.074000,0.001691,0.004752,0.003579
0.074100,0.001905,0.004764,0.003321
0.074200,0.002120,0.004774,0.003063
0.074300,0.002336,0.004781,0.002803
0.074400,0.002551,0.004787,0.002544
0.074500,0.002767,0.004790,0.002284
0.074600,0.002981,0.004791,0.002025
0.074700,0.003196,0.004790,0.001765
0.074800,0.003409,0.004786,0.001507
0.074900,0.003622,0.004780,0.001249
0.075000,0.003833,0.004772,0.000993
0.075100,0.004043,0.004761,0.000738
0.075200,0.004251,0.004748,0.000484
0.075300,0.004457,0.004733,0.000232
0.075400,0.004661,0.004715,-0.000017
0.075500,0.004863,0.004694,-0.000264
0.075600,0.005063,0.004672,-0.000509
0.075700,0.005259,0.004647,-0.000750
0.075800,0.005453,0.004619,-0.000989
0.075900,0.005643,0.004589,-0.001224
0.076000,0.005830,0.004557,-0.001456
0.076100,0.006014,0.004523,-0.001684
0.076200,0.006194,0.004486,-0.001908
0.076300,0.006370,0.004446,-0.002127
0.076400,0.006541,0.004405,-0.002343
0.076500,0.006709,0.004361,-0.002554
0.076600,0.006872,0.004314,-0.002760
0.076700,0.007030,0.004266,-0.002961
0.076800,0.007183,0.004215,-0.003157
0.076900,0.007331,0.004162,-0.003348
0.077000,0.007474,0.004107,-0.003533
0.077100,0.007611,0.004050,-0.003713
0.077200,0.007743,0.003990,-0.003887
0.077300,0.007869,0.003929,-0.004055
0.077400,0.007989,0.003865,-0.004217
0.077500,0.008103,0.003800,-0.004373
0.077600,0.008211,0.003732,-0.004523
0.077700,0.008312,0.003663,-0.004666
0.077800,0.008407,0.003592,-0.004803
0.077900,0.008495,0.003519,-0.004933
0.078000,0.008577,0.003444,-0.005056
0.078100,0.008651,0.003368,-0.005173
0.078200,0.008719,0.003290,-0.005283
0.078300,0.008780,0.003210,-0.005385
0.078400,0.008833,0.003129,-0.005481
0.078500,0.008879,0.003047,-0.005570
0.078600,0.008918,0.002963,-0.005651
0.078700,0.008949,0.002877,-0.005726
0.078800,0.008973,0.002791,-0.005793
0.078900,0.008989,0.002703,-0.005853
0.079000,0.008998,0.002614,-0.005906
0.079100,0.008998,0.002524,-0.005952
0.079200,0.008991,0.002433,-0.005990
0.079300,0.008977,0.002341,-0.006021
0.079400,0.008954,0.002248,-0.006045
0.079500,0.008923,0.002155,-0.006062
0.079600,0.008885,0.002060,-0.006071
0.079700,0.008839,0.001965,-0.006073
0.079800,0.008785,0.001870,-0.006069
0.079900,0.008723,0.001774,-0.006057
0.080000,0.008653,0.001677,-0.006038
0.080100,0.008575,0.001580,-0.006013
0.080200,0.008490,0.001483,-0.005981
0.080300,0.008397,0.001386,-0.005941
0.080400,0.008296,0.001288,-0.005896
0.080500,0.008187,0.001191,-0.005843
0.080600,0.008071,0.001093,-0.005785
0.080700,0.007947,0.000995,-0.005719
0.080800,0.007816,0.000898,-0.005648
0.080900,0.007677,0.000801,-0.005571
0.081000,0.007531,0.000703,-0.005487
0.081100,0.007378,0.000607,-0.005398
0.081200,0.007217,0.000510,-0.005303
0.081300,0.007050,0.000414,-0.005202
0.081400,0.006876,0.000319,-0.005096
0.081500,0.006695,0.000224,-0.004985
0.081600,0.006508,0.000130,-0.004868
0.081700,0.006314,0.000037,-0.004747
0.081800,0.006114,-0.000056,-0.004621
0.081900,0.005907,-0.000148,-0.004490
0.082000,0.005695,-0.000239,-0.004355
0.082100,0.005477,-0.000329,-0.004215
0.082200,0.005253,-0.000419,-0.004072
0.082300,0.005024,-0.000507,-0.003925
0.082400,0.004789,-0.000594,-0.003774
0.082500,0.004549,-0.000680,-0.003619
0.082600,0.004304,-0.000765,-0.003461
0.082700,0.004055,-0.000849,-0.003300
0.082800,0.003801,-0.000931,-0.003136
0.082900,0.003543,-0.001012,-0.002970
0.083000,0.003281,-0.001092,-0.002801
0.083100,0.003015,-0.001171,-0.002630
0.083200,0.002745,-0.001248,-0.002457
0.083300,0.002472,-0.001324,-0.002281
0.083400,0.002196,-0.001398,-0.002105
0.083500,0.001917,-0.001471,-0.001927
0.083600,0.001635,-0.001543,-0.001747
0.083700,0.001351,-0.001613,-0.001567
0.083800,0.001065,-0.001681,-0.001386
0.083900,0.000777,-0.001748,-0.001204
0.084000,0.000487,-0.001813,-0.001022
0.084100,0.000196,-0.001877,-0.000840
0.084200,-0.000097,-0.001939,-0.000658
0.084300,-0.000390,-0.002000,-0.000477
0.084400,-0.000684,-0.002059,-0.000296
0.084500,-0.000978,-0.002117,-0.000115
0.084600,-0.001272,-0.002173,0.000064
0.084700,-0.001566,-0.002227,0.000243
0.084800,-0.001860,-0.002280,0.000419
0.084900,-0.002153,-0.002332,0.000595
0.085000,-0.002445,-0.002381,0.000768
0.085100,-0.002736,-0.002429,0.000940
0.085200,-0.003025,-0.002476,0.001110
0.085300,-0.003312,-0.002521,0.001277
0.085400,-0.003598,-0.002565,0.001441
0.085500,-0.003881,-0.002607,0.001603
0.085600,-0.004161,-0.002648,0.001762
0.085700,-0.004439,-0.002687,0.001918
0.085800,-0.004713,-0.002725,0.002070
0.085900,-0.004984,-0.002761,0.002220
0.086000,-0.005252,-0.002796,0.002365
0.086100,-0.005515,-0.002830,0.002507
0.086200,-0.005775,-0.002862,0.002645
0.086300,-0.006030,-0.002893,0.002778
0.086400,-0.006280,-0.002923,0.002908
0.086500,-0.006526,-0.002951,0.003033
0.086600,-0.006767,-0.002978,0.003153
0.086700,-0.007002,-0.003004,0.003269
0.086800,-0.007232,-0.003029,0.003381
0.086900,-0.007456,-0.003053,0.003487
0.087000,-0.007674,-0.003076,0.003588
0.087100,-0.007886,-0.003098,0.003684
0.087200,-0.008092,-0.003119,0.003775
0.087300,-0.008291,-0.003138,0.003860
0.087400,-0.008484,-0.003157,0.003940
0.087500,-0.008669,-0.003175,0.004015
0.087600,-0.008847,-0.003192,0.004084
0.087700,-0.009018,-0.003209,0.004147
0.087800,-0.009182,-0.003224,0.004204
0.087900,-0.009338,-0.003239,0.004256
0.088000,-0.009486,-0.003253,0.004301
0.088100,-0.009627,-0.003267,0.004341
0.088200,-0.009759,-0.003279,0.004375
0.088300,-0.009883,-0.003292,0.004403
0.088400,-0.009999,-0.003303,0.004424
0.088500,-0.010107,-0.003314,0.004440
0.088600,-0.010206,-0.003325,0.004449
0.088700,-0.010297,-0.003335,0.004452
0.088800,-0.010379,-0.003345,0.004450
0.088900,-0.010452,-0.003354,0.004441
0.089000,-0.010516,-0.003364,0.004426
0.089100,-0.010572,-0.003372,0.004404
0.089200,-0.010618,-0.003381,0.004377
0.089300,-0.010656,-0.003389,0.004343
0.089400,-0.010685,-0.003397,0.004304
0.089500,-0.010704,-0.003405,0.004258
0.089600,-0.010715,-0.003412,0.004207
0.089700,-0.010717,-0.003420,0.004150
0.089800,-0.010709,-0.003427,0.004086
0.089900,-0.010693,-0.003434,0.004017
0.090000,-0.010667,-0.003441,0.003942
0.090100,-0.010633,-0.003448,0.003862
0.090200,-0.010590,-0.003455,0.003776
0.090300,-0.010537,-0.003462,0.003684
0.090400,-0.010476,-0.003469,0.003587
0.090500,-0.010406,-0.003476,0.003484
0.090600,-0.010328,-0.003483,0.003377
0.090700,-0.010241,-0.003489,0.003264
0.090800,-0.010145,-0.003496,0.003146
0.090900,-0.010041,-0.003503,0.003023
0.091000,-0.009929,-0.003510,0.002896
0.091100,-0.009808,-0.003517,0.002764
0.091200,-0.009679,-0.003523,0.002627
0.091300,-0.009543,-0.003530,0.002486
0.091400,-0.009398,-0.003537,0.002340
0.091500,-0.009246,-0.003544,0.002191
0.091600,-0.009087,-0.003551,0.002038
0.091700,-0.008920,-0.003557,0.001880
0.091800,-0.008746,-0.003564,0.001719
0.091900,-0.008565,-0.003571,0.001555
0.092000,-0.008377,-0.003578,0.001387
0.092100,-0.008182,-0.003584,0.001216
0.092200,-0.007982,-0.003590,0.001042
0.092300,-0.007774,-0.003597,0.000865
0.092400,-0.007561,-0.003603,0.000685
0.092500,-0.007343,-0.003609,0.000503
0.092600,-0.007118,-0.003615,0.000319
0.092700,-0.006888,-0.003620,0.000133
0.092800,-0.006654,-0.003626,-0.000056
0.092900,-0.006414,-0.003631,-0.000246
0.093000,-0.006170,-0.003636,-0.000438
0.093100,-0.005921,-0.003640,-0.000631
0.093200,-0.005668,-0.003644,-0.000825
0.093300,-0.005412,-0.003648,-0.001021
0.093400,-0.005152,-0.003651,-0.001217
0.093500,-0.004888,-0.003654,-0.001414
0.093600,-0.004621,-0.003656,-0.001611
0.093700,-0.004352,-0.003658,-0.001808
0.093800,-0.004080,-0.003659,-0.002006
0.093900,-0.003806,-0.003660,-0.002203
0.094000,-0.003530,-0.003660,-0.002400
0.094100,-0.003252,-0.003659,-0.002596
0.094200,-0.002972,-0.003657,-0.002792
0.094300,-0.002692,-0.003655,-0.002986
0.094400,-0.002411,-0.003652,-0.003180
0.094500,-0.002129,-0.003648,-0.003372
0.094600,-0.001847,-0.003643,-0.003562
0.094700,-0.001564,-0.003637,-0.003751
0.094800,-0.001282,-0.003630,-0.003938
0.094900,-0.001001,-0.003622,-0.004122
0.095000,-0.000720,-0.003613,-0.004305
0.095100,-0.000441,-0.003603,-0.004485
0.095200,-0.000162,-0.003592,-0.004662
0.095300,0.000114,-0.003580,-0.004836
0.095400,0.000389,-0.003566,-0.005007
0.095500,0.000661,-0.003551,-0.005175
0.095600,0.000931,-0.003535,-0.005340
0.095700,0.001198,-0.003518,-0.005501
0.095800,0.001463,-0.003499,-0.005658
0.095900,0.001724,-0.003479,-0.005812
0.096000,0.001982,-0.003457,-0.005961
0.096100,0.002236,-0.003434,-0.006106
0.096200,0.002486,-0.003409,-0.006246
0.096300,0.002731,-0.003383,-0.006382
0.096400,0.002973,-0.003355,-0.006514
0.096500,0.003209,-0.003326,-0.006640
0.096600,0.003441,-0.003295,-0.006762
0.096700,0.003668,-0.003263,-0.006878
0.096800,0.003889,-0.003228,-0.006989
0.096900,0.004105,-0.003192,-0.007095
0.097000,0.004315,-0.003155,-0.007195
0.097100,0.004519,-0.003115,-0.007290
0.097200,0.004717,-0.003074,-0.007379
0.097300,0.004909,-0.003031,-0.007462
0.097400,0.005095,-0.002987,-0.007539
0.097500,0.005273,-0.002940,-0.007610
0.097600,0.005445,-0.002892,-0.007674
0.097700,0.005611,-0.002842,-0.007733
0.097800,0.005769,-0.002791,-0.007785
0.097900,0.005920,-0.002737,-0.007831
0.098000,0.006063,-0.002682,-0.007870
0.098100,0.006199,-0.002625,-0.007903
0.098200,0.006328,-0.002566,-0.007929
0.098300,0.006449,-0.002505,-0.007949
0.098400,0.006562,-0.002443,-0.007961
0.098500,0.006668,-0.002379,-0.007967
0.098600,0.006765,-0.002313,-0.007967
0.098700,0.006855,-0.002245,-0.007959
0.098800,0.006936,-0.002176,-0.007945
0.098900,0.007010,-0.002105,-0.007923
0.099000,0.007075,-0.002033,-0.007895
0.099100,0.007133,-0.001958,-0.007860
0.099200,0.007182,-0.001882,-0.007818
0.099300,0.007223,-0.001805,-0.007769
0.099400,0.007256,-0.001726,-0.007713
0.099500,0.007281,-0.001646,-0.007651
0.099600,0.007298,-0.001564,-0.007581
0.099700,0.007306,-0.001480,-0.007505
0.099800,0.007307,-0.001396,-0.007421
0.099900,0.007299,-0.001310,-0.007332
0.100000,0.007284,-0.001222,-0.007235
0.100100,0.007260,-0.001134,-0.007132
0.100200,0.007229,-0.001044,-0.007022
0.100300,0.007190,-0.000953,-0.006906
0.100400,0.007143,-0.000861,-0.006783
0.100500,0.007089,-0.000768,-0.006654
0.100600,0.007027,-0.000674,-0.006518
0.100700,0.006958,-0.000579,-0.006377
0.100800,0.006881,-0.000483,-0.006229
0.100900,0.006798,-0.000386,-0.006075
0.101000,0.006707,-0.000289,-0.005916
0.101100,0.006610,-0.000190,-0.005750
0.101200,0.006505,-0.000092,-0.005579
0.101300,0.006395,0.000008,-0.005403
0.101400,0.006277,0.000108,-0.005220
0.101500,0.006154,0.000208,-0.005033
0.101600,0.006024,0.000308,-0.004841
0.101700,0.005889,0.000409,-0.004643
0.101800,0.005748,0.000510,-0.004441
0.101900,0.005601,0.000612,-0.004234
0.102000,0.005449,0.000713,-0.004022
0.102100,0.005292,0.000814,-0.003806
0.102200,0.005130,0.000915,-0.003586
0.102300,0.004964,0.001016,-0.003361
0.102400,0.004793,0.001117,-0.003133
0.102500,0.004617,0.001218,-0.002901
0.102600,0.004438,0.001318,-0.002666
0.102700,0.004255,0.001418,-0.002427
0.102800,0.004068,0.001517,-0.002185
0.102900,0.003878,0.001616,-0.001940
0.103000,0.003685,0.001714,-0.001693
0.103100,0.003489,0.001811,-0.001443
0.103200,0.003291,0.001908,-0.001190
0.103300,0.003090,0.002004,-0.000935
0.103400,0.002887,0.002098,-0.000679
0.103500,0.002682,0.002192,-0.000420
0.103600,0.002476,0.002285,-0.000161
0.103700,0.002268,0.002376,0.000101
0.103800,0.002059,0.002467,0.000363
0.103900,0.001850,0.002556,0.000626
0.104000,0.001639,0.002644,0.000890
0.104100,0.001429,0.002730,0.001154
0.104200,0.001218,0.002815,0.001418
0.104300,0.001008,0.002898,0.001683
0.104400,0.000798,0.002980,0.001947
0.104500,0.000589,0.003061,0.002211
0.104600,0.000380,0.003139,0.002474
0.104700,0.000173,0.003216,0.002736
0.104800,-0.000033,0.003291,0.002997
0.104900,-0.000237,0.003365,0.003257
0.105000,-0.000439,0.003436,0.003515
0.105100,-0.000639,0.003506,0.003771
0.105200,-0.000836,0.003573,0.004025
0.105300,-0.001031,0.003639,0.004277
0.105400,-0.001223,0.003703,0.004527
0.105500,-0.001412,0.003764,0.004774
0.105600,-0.001598,0.003824,0.005017
0.105700,-0.001780,0.003881,0.005258
0.105800,-0.001958,0.003936,0.005496
0.105900,-0.002133,0.003989,0.005730
0.106000,-0.002303,0.004040,0.005960
0.106100,-0.002469,0.004089,0.006186
0.106200,-0.002630,0.004135,0.006408
0.106300,-0.002787,0.004179,0.006626
0.106400,-0.002939,0.004221,0.006839
0.106500,-0.003086,0.004260,0.007048
0.106600,-0.003227,0.004298,0.007251
0.106700,-0.003364,0.004333,0.007450
0.106800,-0.003494,0.004365,0.007643
0.106900,-0.003619,0.004396,0.007831
0.107000,-0.003738,0.004424,0.008013
0.107100,-0.003851,0.004450,0.008189
0.107200,-0.003958,0.004473,0.008359
0.107300,-0.004059,0.004495,0.008523
0.107400,-0.004154,0.004514,0.008681
0.107500,-0.004242,0.004530,0.008832
0.107600,-0.004323,0.004545,0.008977
0.107700,-0.004398,0.004557,0.009115
0.107800,-0.004466,0.004567,0.009246
0.107900,-0.004528,0.004575,0.009370
0.108000,-0.004583,0.004581,0.009487
0.108100,-0.004630,0.004584,0.009597
0.108200,-0.004671,0.004586,0.009700
0.108300,-0.004705,0.004585,0.009795
0.108400,-0.004732,0.004582,0.009882
0.108500,-0.004751,0.004578,0.009962
0.108600,-0.004764,0.004571,0.010035
0.108700,-0.004770,0.004563,0.010099
0.108800,-0.004768,0.004552,0.010156
0.108900,-0.004760,0.004540,0.010205
0.109000,-0.004744,0.004526,0.010245
0.109100,-0.004722,0.004510,0.010278
0.109200,-0.004692,0.004492,0.010303
0.109300,-0.004655,0.004472,0.010320
0.109400,-0.004612,0.004451,0.010328
0.109500,-0.004562,0.004429,0.010329
0.109600,-0.004505,0.004405,0.010321
0.109700,-0.004441,0.004379,0.010305
0.109800,-0.004370,0.004352,0.010281
0.109900,-0.004293,0.004323,0.010249
0.110000,-0.004210,0.004293,0.010209
0.110100,-0.004120,0.004262,0.010160
0.110200,-0.004023,0.004230,0.010104
0.110300,-0.003921,0.004196,0.010040
0.110400,-0.003813,0.004161,0.009967
0.110500,-0.003699,0.004126,0.009887
0.110600,-0.003578,0.004089,0.009799
0.110700,-0.003453,0.004051,0.009703
0.110800,-0.003322,0.004012,0.009600
0.110900,-0.003185,0.003972,0.009488
0.111000,-0.003043,0.003932,0.009370
0.111100,-0.002897,0.003891,0.009243
0.111200,-0.002745,0.003849,0.009110
0.111300,-0.002589,0.003806,0.008969
0.111400,-0.002428,0.003763,0.008822
0.111500,-0.002263,0.003719,0.008667
0.111600,-0.002094,0.003675,0.008505
0.111700,-0.001920,0.003630,0.008337
0.111800,-0.001743,0.003585,0.008162
0.111900,-0.001563,0.003539,0.007981
0.112000,-0.001379,0.003493,0.007794
0.112100,-0.001192,0.003447,0.007600
0.112200,-0.001002,0.003400,0.007401
0.112300,-0.000810,0.003354,0.007196
0.112400,-0.000615,0.003307,0.006985
0.112500,-0.000417,0.003260,0.006769
0.112600,-0.000218,0.003213,0.006548
0.112700,-0.000017,0.003166,0.006322
0.112800,0.000186,0.003119,0.006091
0.112900,0.000390,0.003071,0.005856
0.113000,0.000596,0.003024,0.005616
0.113100,0.000802,0.002978,0.005373
0.113200,0.001009,0.002931,0.005125
0.113300,0.001217,0.002884,0.004874
0.113400,0.001424,0.002837,0.004619
0.113500,0.001632,0.002791,0.004361
0.113600,0.001839,0.002745,0.004100
0.113700,0.002046,0.002699,0.003836
0.113800,0.002252,0.002653,0.003570
0.113900,0.002458,0.002608,0.003301
0.114000,0.002662,0.002563,0.003031
0.114100,0.002865,0.002518,0.002759
0.114200,0.003066,0.002473,0.002485
0.114300,0.003265,0.002429,0.002210
0.114400,0.003463,0.002385,0.001934
0.114500,0.003658,0.002341,0.001657
0.114600,0.003850,0.002298,0.001380
0.114700,0.004040,0.002255,0.001102
0.114800,0.004227,0.002212,0.000825
0.114900,0.004410,0.002170,0.000548
0.115000,0.004591,0.002128,0.000271
0.115100,0.004768,0.002086,-0.000004
0.115200,0.004941,0.002045,-0.000279
0.115300,0.005110,0.002003,-0.000553
0.115400,0.005275,0.001963,-0.000825
0.115500,0.005436,0.001922,-0.001095
0.115600,0.005592,0.001882,-0.001363
0.115700,0.005744,0.001841,-0.001628
0.115800,0.005891,0.001801,-0.001892
0.115900,0.006033,0.001762,-0.002152
0.116000,0.006169,0.001722,-0.002409
0.116100,0.006300,0.001683,-0.002663
0.116200,0.006426,0.001643,-0.002914
0.116300,0.006546,0.001604,-0.003161
0.116400,0.006661,0.001565,-0.003403
0.116500,0.006769,0.001526,-0.003642
0.116600,0.006872,0.001487,-0.003876
0.116700,0.006968,0.001448,-0.004106
0.116800,0.007058,0.001409,-0.004330
0.116900,0.007142,0.001370,-0.004550
0.117000,0.007219,0.001331,-0.004764
0.117100,0.007290,0.001292,-0.004973
0.117200,0.007354,0.001253,-0.005177
0.117300,0.007411,0.001213,-0.005374
0.117400,0.007462,0.001173,-0.005566
0.117500,0.007506,0.001134,-0.005751
0.117600,0.007542,0.001093,-0.005930
0.117700,0.007572,0.001053,-0.006103
0.117800,0.007594,0.001012,-0.006268
0.117900,0.007610,0.000971,-0.006427
0.118000,0.007618,0.000929,-0.006580
0.118100,0.007619,0.000888,-0.006725
0.118200,0.007613,0.000845,-0.006862
0.118300,0.007600,0.000802,-0.006993
0.118400,0.007579,0.000759,-0.007116
0.118500,0.007551,0.000715,-0.007232
0.118600,0.007516,0.000671,-0.007340
0.118700,0.007474,0.000626,-0.007440
0.118800,0.007425,0.000580,-0.007533
0.118900,0.007368,0.000534,-0.007617
0.119000,0.007305,0.000487,-0.007694
0.119100,0.007234,0.000439,-0.007763
0.119200,0.007156,0.000391,-0.007824
0.119300,0.007072,0.000342,-0.007877
0.119400,0.006980,0.000292,-0.007921
0.119500,0.006881,0.000242,-0.007958
0.119600,0.006776,0.000190,-0.007987
0.119700,0.006664,0.000138,-0.008007
0.119800,0.006546,0.000085,-0.008019
0.119900,0.006420,0.000032,-0.008024
0.120000,0.006289,-0.000023,-0.008020
0.120100,0.006151,-0.000079,-0.008008
0.120200,0.006007,-0.000135,-0.007988
0.120300,0.005857,-0.000192,-0.007960
0.120400,0.005701,-0.000250,-0.007924
0.120500,0.005539,-0.000309,-0.007881
0.120600,0.005371,-0.000369,-0.007830
0.120700,0.005198,-0.000429,-0.007771
0.120800,0.005019,-0.000491,-0.007704
0.120900,0.004835,-0.000553,-0.007630
0.121000,0.004646,-0.000616,-0.007549
0.121100,0.004452,-0.000680,-0.007460
0.121200,0.004253,-0.000745,-0.007365
0.121300,0.004050,-0.000811,-0.007262
0.121400,0.003842,-0.000877,-0.007152
0.121500,0.003629,-0.000944,-0.007036
0.121600,0.003413,-0.001012,-0.006913
0.121700,0.003193,-0.001081,-0.006783
0.121800,0.002969,-0.001150,-0.006648
0.121900,0.002741,-0.001221,-0.006506
0.122000,0.002510,-0.001291,-0.006358
0.122100,0.002276,-0.001363,-0.006205
0.122200,0.002039,-0.001435,-0.006046
0.122300,0.001799,-0.001507,-0.005882
0.122400,0.001557,-0.001581,-0.005712
0.122500,0.001312,-0.001654,-0.005538
0.122600,0.001065,-0.001728,-0.005359
0.122700,0.000816,-0.001803,-0.005175
0.122800,0.000566,-0.001878,-0.004988
0.122900,0.000313,-0.001953,-0.004796
0.123000,0.000060,-0.002028,-0.004600
0.123100,-0.000194,-0.002104,-0.004401
0.123200,-0.000450,-0.002180,-0.004198
0.123300,-0.000706,-0.002256,-0.003992
0.123400,-0.000962,-0.002332,-0.003783
0.123500,-0.001219,-0.002409,-0.003572
0.123600,-0.001475,-0.002485,-0.003358
0.123700,-0.001732,-0.002561,-0.003142
0.123800,-0.001987,-0.002637,-0.002925
0.123900,-0.002243,-0.002713,-0.002705
0.124000,-0.002497,-0.002789,-0.002485
0.124100,-0.002750,-0.002864,-0.002263
0.124200,-0.003002,-0.002939,-0.002041
0.124300,-0.003252,-0.003013,-0.001817
0.124400,-0.003501,-0.003087,-0.001594
0.124500,-0.003748,-0.003161,-0.001370
0.124600,-0.003992,-0.003234,-0.001147
0.124700,-0.004234,-0.003306,-0.000924
0.124800,-0.004474,-0.003378,-0.000702
0.124900,-0.004710,-0.003448,-0.000481
0.125000,-0.004944,-0.003518,-0.000261
0.125100,-0.005175,-0.003587,-0.000043
0.125200,-0.005402,-0.003655,0.000174
0.125300,-0.005625,-0.003722,0.000388
0.125400,-0.005845,-0.003788,0.000601
0.125500,-0.006061,-0.003852,0.000811
0.125600,-0.006273,-0.003916,0.001018
0.125700,-0.006480,-0.003978,0.001222
0.125800,-0.006683,-0.004039,0.001423
0.125900,-0.006881,-0.004098,0.001620
0.126000,-0.007074,-0.004156,0.001814
0.126100,-0.007263,-0.004212,0.002004
0.126200,-0.007446,-0.004267,0.002189
0.126300,-0.007623,-0.004320,0.002371
0.126400,-0.007796,-0.004372,0.002548
0.126500,-0.007962,-0.004421,0.002720
0.126600,-0.008123,-0.004469,0.002887
0.126700,-0.008278,-0.004515,0.003049
0.126800,-0.008427,-0.004559,0.003206
0.126900,-0.008570,-0.004601,0.003357
0.127000,-0.008707,-0.004642,0.003502
0.127100,-0.008837,-0.004680,0.003642
0.127200,-0.008960,-0.004716,0.003776
0.127300,-0.009077,-0.004750,0.003903
0.127400,-0.009188,-0.004781,0.004025
0.127500,-0.009291,-0.004811,0.004139
0.127600,-0.009388,-0.004838,0.004248
0.127700,-0.009477,-0.004863,0.004349
0.127800,-0.009560,-0.004886,0.004444
0.127900,-0.009635,-0.004906,0.004532
0.128000,-0.009703,-0.004924,0.004613
0.128100,-0.009764,-0.004940,0.004686
0.128200,-0.009818,-0.004953,0.004753
0.128300,-0.009864,-0.004964,0.004812
0.128400,-0.009903,-0.004972,0.004864
0.128500,-0.009934,-0.004978,0.004909
0.128600,-0.009958,-0.004981,0.004946
0.128700,-0.009974,-0.004982,0.004976
0.128800,-0.009983,-0.004981,0.004998
0.128900,-0.009985,-0.004976,0.005013
0.129000,-0.009978,-0.004970,0.005020
0.129100,-0.009965,-0.004961,0.005020
0.129200,-0.009944,-0.004949,0.005012
0.129300,-0.009915,-0.004935,0.004997
0.129400,-0.009879,-0.004919,0.004974
0.129500,-0.009835,-0.004900,0.004944
0.129600,-0.009784,-0.004878,0.004906
0.129700,-0.009726,-0.004854,0.004861
0.129800,-0.009660,-0.004828,0.004809
0.129900,-0.009587,-0.004799,0.004749
0.130000,-0.009507,-0.004768,0.004682
0.130100,-0.009420,-0.004734,0.004608
0.130200,-0.009326,-0.004699,0.004528
0.130300,-0.009224,-0.004660,0.004440
0.130400,-0.009116,-0.004620,0.004345
0.130500,-0.009001,-0.004577,0.004244
0.130600,-0.008879,-0.004533,0.004136
0.130700,-0.008751,-0.004486,0.004022
0.130800,-0.008616,-0.004436,0.003902
0.130900,-0.008474,-0.004385,0.003775
0.131000,-0.008327,-0.004332,0.003643
0.131100,-0.008173,-0.004277,0.003504
0.131200,-0.008013,-0.004219,0.003360
0.131300,-0.007847,-0.004160,0.003210
0.131400,-0.007676,-0.004099,0.003056
0.131500,-0.007498,-0.004036,0.002896
0.131600,-0.007315,-0.003972,0.002731
0.131700,-0.007127,-0.003906,0.002561
0.131800,-0.006934,-0.003838,0.002387
0.131900,-0.006736,-0.003768,0.002208
0.132000,-0.006533,-0.003698,0.002026
0.132100,-0.006325,-0.003625,0.001839
0.132200,-0.006112,-0.003551,0.001649
0.132300,-0.005896,-0.003476,0.001456
0.132400,-0.005675,-0.003400,0.001259
0.132500,-0.005450,-0.003323,0.001059
0.132600,-0.005221,-0.003244,0.000857
0.132700,-0.004989,-0.003164,0.000652
0.132800,-0.004753,-0.003083,0.000444
0.132900,-0.004514,-0.003002,0.000235
0.133000,-0.004272,-0.002919,0.000024
0.133100,-0.004027,-0.002836,-0.000188
0.133200,-0.003780,-0.002752,-0.000402
0.133300,-0.003530,-0.002667,-0.000616
0.133400,-0.003278,-0.002582,-0.000832
0.133500,-0.003024,-0.002496,-0.001047
0.133600,-0.002768,-0.002410,-0.001264
0.133700,-0.002511,-0.002323,-0.001479
0.133800,-0.002252,-0.002236,-0.001695
0.133900,-0.001992,-0.002149,-0.001910
0.134000,-0.001731,-0.002061,-0.002124
0.134100,-0.001470,-0.001974,-0.002337
0.134200,-0.001208,-0.001886,-0.002549
0.134300,-0.000946,-0.001798,-0.002759
0.134400,-0.000683,-0.001711,-0.002968
0.134500,-0.000421,-0.001623,-0.003174
0.134600,-0.000159,-0.001536,-0.003378
0.134700,0.000102,-0.001449,-0.003579
0.134800,0.000362,-0.001362,-0.003777
0.134900,0.000621,-0.001276,-0.003972
0.135000,0.000879,-0.001189,-0.004164
0.135100,0.001136,-0.001104,-0.004353
0.135200,0.001390,-0.001019,-0.004537
0.135300,0.001643,-0.000934,-0.004718
0.135400,0.001894,-0.000850,-0.004894
0.135500,0.002143,-0.000767,-0.005065
0.135600,0.002388,-0.000684,-0.005232
0.135700,0.002632,-0.000603,-0.005394
0.135800,0.002872,-0.000521,-0.005551
0.135900,0.003109,-0.000441,-0.005703
0.136000,0.003343,-0.000362,-0.005849
0.136100,0.003573,-0.000283,-0.005990
0.136200,0.003799,-0.000206,-0.006124
0.136300,0.004022,-0.000129,-0.006253
0.136400,0.004241,-0.000053,-0.006375
0.136500,0.004455,0.000021,-0.006491
0.136600,0.004665,0.000095,-0.006601
0.136700,0.004870,0.000167,-0.006704
0.136800,0.005070,0.000239,-0.006800
0.136900,0.005265,0.000309,-0.006889
0.137000,0.005456,0.000378,-0.006971
0.137100,0.005640,0.000446,-0.007046
0.137200,0.005820,0.000513,-0.007113
0.137300,0.005994,0.000579,-0.007174
0.137400,0.006162,0.000643,-0.007226
0.137500,0.006325,0.000707,-0.007271
0.137600,0.006481,0.000769,-0.007309
0.137700,0.006631,0.000830,-0.007339
0.137800,0.006775,0.000890,-0.007360
0.137900,0.006913,0.000948,-0.007375
0.138000,0.007044,0.001006,-0.007381
0.138100,0.007169,0.001062,-0.007379
0.138200,0.007287,0.001117,-0.007370
0.138300,0.007398,0.001171,-0.007352
0.138400,0.007502,0.001224,-0.007327
0.138500,0.007600,0.001276,-0.007293
0.138600,0.007690,0.001326,-0.007252
0.138700,0.007774,0.001376,-0.007203
0.138800,0.007850,0.001424,-0.007145
0.138900,0.007919,0.001471,-0.007080
0.139000,0.007981,0.001517,-0.007007
0.139100,0.008036,0.001563,-0.006926
0.139200,0.008084,0.001607,-0.006838
0.139300,0.008124,0.001650,-0.006742
0.139400,0.008157,0.001692,-0.006638
0.139500,0.008182,0.001733,-0.006527
0.139600,0.008201,0.001774,-0.006408
0.139700,0.008211,0.001813,-0.006282
0.139800,0.008215,0.001852,-0.006149
0.139900,0.008211,0.001890,-0.006009
0.140000,0.008200,0.001927,-0.005861
0.140100,0.008182,0.001963,-0.005707
0.140200,0.008156,0.001998,-0.005547
0.140300,0.008124,0.002033,-0.005379
0.140400,0.008084,0.002067,-0.005205
0.140500,0.008037,0.002101,-0.005025
0.140600,0.007983,0.002134,-0.004839
0.140700,0.007922,0.002166,-0.004647
0.140800,0.007854,0.002198,-0.004449
0.140900,0.007780,0.002229,-0.004246
0.141000,0.007699,0.002260,-0.004037
0.141100,0.007611,0.002291,-0.003823
0.141200,0.007517,0.002321,-0.003604
0.141300,0.007416,0.002351,-0.003381
0.141400,0.007309,0.002380,-0.003152
0.141500,0.007196,0.002409,-0.002920
0.141600,0.007077,0.002438,-0.002683
0.141700,0.006952,0.002466,-0.002442
0.141800,0.006821,0.002495,-0.002198
0.141900,0.006685,0.002523,-0.001950
0.142000,0.006544,0.002551,-0.001699
0.142100,0.006397,0.002579,-0.001445
0.142200,0.006245,0.002606,-0.001188
0.142300,0.006088,0.002634,-0.000929
0.142400,0.005926,0.002662,-0.000668
0.142500,0.005759,0.002689,-0.000404
0.142600,0.005588,0.002717,-0.000139
0.142700,0.005413,0.002744,0.000128
0.142800,0.005234,0.002772,0.000396
0.142900,0.005051,0.002800,0.000665
0.143000,0.004865,0.002827,0.000935
0.143100,0.004674,0.002855,0.001205
0.143200,0.004481,0.002883,0.001475
0.143300,0.004285,0.002911,0.001746
0.143400,0.004085,0.002939,0.002016
0.143500,0.003883,0.002967,0.002285
0.143600,0.003679,0.002996,0.002554
0.143700,0.003473,0.003024,0.002822
0.143800,0.003264,0.003053,0.003088
0.143900,0.003054,0.003081,0.003353
0.144000,0.002842,0.003110,0.003616
0.144100,0.002629,0.003139,0.003877
0.144200,0.002415,0.003168,0.004136
0.144300,0.002200,0.003197,0.004392
0.144400,0.001985,0.003226,0.004645
0.144500,0.001769,0.003256,0.004895
0.144600,0.001553,0.003285,0.005142
0.144700,0.001337,0.003315,0.005386
0.144800,0.001121,0.003344,0.005625
0.144900,0.000906,0.003374,0.005861
0.145000,0.000692,0.003403,0.006093
0.145100,0.000479,0.003433,0.006320
0.145200,0.000267,0.003462,0.006542
0.145300,0.000056,0.003492,0.006760
0.145400,-0.000153,0.003521,0.006973
0.145500,-0.000360,0.003550,0.007180
0.145600,-0.000564,0.003579,0.007382
0.145700,-0.000767,0.003608,0.007579
0.145800,-0.000967,0.003637,0.007769
0.145900,-0.001164,0.003666,0.007954
0.146000,-0.001358,0.003694,0.008132
0.146100,-0.001549,0.003722,0.008305
0.146200,-0.001736,0.003749,0.008470
0.146300,-0.001920,0.003777,0.008630
0.146400,-0.002100,0.003803,0.008782
0.146500,-0.002276,0.003830,0.008927
0.146600,-0.002448,0.003855,0.009066
0.146700,-0.002615,0.003881,0.009197
0.146800,-0.002778,0.003905,0.009321
0.146900,-0.002936,0.003929,0.009438
0.147000,-0.003089,0.003953,0.009547
0.147100,-0.003237,0.003975,0.009648
0.147200,-0.003380,0.003997,0.009742
0.147300,-0.003517,0.004018,0.009828
0.147400,-0.003649,0.004038,0.009907
0.147500,-0.003775,0.004058,0.009977
0.147600,-0.003896,0.004076,0.010039
0.147700,-0.004010,0.004093,0.010094
0.147800,-0.004119,0.004109,0.010140
0.147900,-0.004221,0.004125,0.010178
0.148000,-0.004317,0.004139,0.010208
0.148100,-0.004406,0.004151,0.010230
0.148200,-0.004489,0.004163,0.010244
0.148300,-0.004565,0.004173,0.010249
0.148400,-0.004635,0.004182,0.010246
0.148500,-0.004698,0.004190,0.010236
0.148600,-0.004754,0.004196,0.010217
0.148700,-0.004804,0.004200,0.010189
0.148800,-0.004846,0.004204,0.010154
0.148900,-0.004881,0.004205,0.010111
0.149000,-0.004910,0.004205,0.010059
0.149100,-0.004931,0.004203,0.010000
0.149200,-0.004945,0.004200,0.009933
0.149300,-0.004953,0.004195,0.009858
0.149400,-0.004953,0.004188,0.009775
0.149500,-0.004946,0.004180,0.009684
0.149600,-0.004932,0.004169,0.009586
0.149700,-0.004911,0.004157,0.009480
0.149800,-0.004883,0.004143,0.009367
0.149900,-0.004848,0.004127,0.009246
